; CSV, generated by DSView, sampled on 2026-07-04 11:40:07
; Channels (2/16)
; Sample rate: 1 MHz
; Sample count: 100.352 K Samples
Time(s), SDA, SCL
0,1,1
0.000983,0,1
0.000984,0,0
0.000987,0,1
0.000988,0,0
0.000989,0,1
0.000991,0,0
0.000992,0,1
0.000993,0,0
0.000995,0,1
0.000996,0,0
0.000997,0,1
0.000999,0,0
0.001,0,1
0.001001,0,0
0.001002,1,0
0.001003,1,1
0.001004,0,0
0.001005,0,1
0.001007,1,0
0.001008,1,1
0.001009,1,0
0.00101,0,0
0.001011,0,1
0.001013,1,1
0.001022,0,1
0.001023,0,0
0.001026,0,1
0.001027,0,0
0.001028,0,1
0.00103,0,0
0.001031,0,1
0.001032,0,0
0.001034,0,1
0.001035,0,0
0.001036,0,1
0.001038,1,0
0.001039,1,1
0.00104,1,0
0.001041,0,0
0.001042,0,1
0.001043,0,0
0.001044,0,1
0.001046,1,0
0.001047,1,1
0.001049,0,0
0.00105,0,1
0.001052,1,1
0.001061,0,1
0.001062,0,0
0.001064,0,1
0.001066,0,0
0.001067,0,1
0.001068,0,0
0.00107,0,1
0.001071,0,0
0.001072,0,1
0.001074,0,0
0.001075,0,1
0.001076,0,0
0.001077,1,0
0.001078,1,1
0.001079,1,0
0.00108,1,1
0.001082,0,0
0.001083,0,1
0.001085,1,0
0.001086,1,1
0.001087,1,0
0.001088,0,0
0.001089,0,1
0.00109,1,1
0.0011,0,1
0.001101,0,0
0.001103,0,1
0.001105,0,0
0.001106,0,1
0.001107,0,0
0.001109,0,1
0.00111,0,0
0.001111,0,1
0.001113,1,0
0.001114,1,1
0.001115,1,0
0.001116,0,0
0.001117,0,1
0.001118,0,0
0.001119,0,1
0.001121,0,0
0.001122,0,1
0.001123,0,0
0.001124,1,0
0.001125,1,1
0.001126,1,0
0.001127,0,0
0.001128,0,1
0.001129,1,1
0.001138,0,1
0.00114,0,0
0.001142,0,1
0.001143,0,0
0.001145,0,1
0.001146,0,0
0.001147,0,1
0.001149,0,0
0.00115,0,1
0.001151,0,0
0.001152,1,0
0.001153,1,1
0.001154,0,0
0.001155,0,1
0.001157,1,0
0.001158,1,1
0.00116,0,0
0.001161,0,1
0.001162,0,0
0.001163,1,0
0.001164,1,1
0.001165,0,0
0.001167,0,1
0.001168,1,1
0.001177,0,1
0.001178,0,0
0.001181,0,1
0.001182,0,0
0.001184,0,1
0.001185,0,0
0.001186,0,1
0.001188,0,0
0.001189,0,1
0.00119,0,0
0.001191,1,0
0.001192,1,1
0.001193,1,0
0.001194,1,1
0.001196,0,0
0.001197,0,1
0.001198,0,0
0.0012,0,1
0.001201,1,0
0.001202,1,1
0.001204,0,0
0.001205,0,1
0.001207,1,1
0.001216,0,1
0.001217,0,0
0.00122,0,1
0.001221,0,0
0.001222,0,1
0.001224,0,0
0.001225,0,1
0.001226,0,0
0.001228,0,1
0.001229,0,0
0.00123,1,0
0.001231,1,1
0.001232,1,0
0.001233,1,1
0.001235,1,0
0.001236,1,1
0.001237,1,0
0.001238,0,0
0.001239,0,1
0.00124,1,0
0.001241,1,1
0.001243,0,0
0.001244,0,1
0.001246,1,1
0.001255,0,1
0.001256,0,0
0.001259,0,1
0.00126,0,0
0.001261,0,1
0.001263,0,0
0.001264,0,1
0.001265,0,0
0.001266,1,0
0.001267,1,1
0.001268,0,0
0.001269,0,1
0.001271,0,0
0.001272,0,1
0.001273,0,0
0.001275,0,1
0.001276,0,0
0.001277,0,1
0.001279,1,0
0.00128,1,1
0.001281,1,0
0.001282,0,0
0.001283,0,1
0.001285,1,1
0.001294,0,1
0.001295,0,0
0.001297,0,1
0.001299,0,0
0.0013,0,1
0.001301,0,0
0.001303,0,1
0.001304,0,0
0.001305,1,0
0.001306,1,1
0.001307,0,0
0.001308,0,1
0.00131,0,0
0.001311,0,1
0.001312,0,0
0.001313,1,0
0.001314,1,1
0.001315,0,0
0.001316,0,1
0.001318,1,0
0.001319,1,1
0.00132,1,0
0.001321,0,0
0.001322,0,1
0.001324,1,1
0.001333,0,1
0.001334,0,0
0.001336,0,1
0.001338,0,0
0.001339,0,1
0.00134,0,0
0.001342,0,1
0.001343,1,0
0.001344,1,1
0.001346,0,0
0.001347,0,1
0.001348,0,0
0.001349,1,0
0.00135,1,1
0.001351,0,0
0.001352,0,1
0.001354,0,0
0.001355,0,1
0.001356,0,0
0.001357,1,0
0.001358,1,1
0.001359,1,0
0.00136,0,0
0.001361,0,1
0.001362,1,1
0.001372,0,1
0.001373,0,0
0.001375,0,1
0.001377,0,0
0.001378,0,1
0.001379,0,0
0.001381,0,1
0.001382,1,0
0.001383,1,1
0.001385,0,0
0.001386,0,1
0.001387,0,0
0.001388,1,0
0.001389,1,1
0.00139,1,0
0.001391,1,1
0.001393,0,0
0.001394,0,1
0.001395,0,0
0.001396,1,0
0.001397,1,1
0.001398,1,0
0.001399,0,0
0.0014,0,1
0.001401,1,1
0.00141,0,1
0.001412,0,0
0.001414,0,1
0.001415,0,0
0.001417,0,1
0.001418,0,0
0.001419,0,1
0.001421,1,0
0.001422,1,1
0.001423,1,0
0.001425,1,1
0.001426,0,0
0.001427,0,1
0.001429,0,0
0.00143,0,1
0.001432,0,0
0.001433,0,1
0.001434,0,0
0.001435,1,0
0.001436,1,1
0.001437,0,0
0.001439,0,1
0.00144,1,1
0.001449,0,1
0.00145,0,0
0.001453,0,1
0.001454,0,0
0.001456,0,1
0.001457,0,0
0.001458,0,1
0.00146,1,0
0.001461,1,1
0.001462,1,0
0.001464,1,1
0.001465,0,0
0.001466,0,1
0.001468,1,0
0.001469,1,1
0.00147,1,0
0.001471,0,0
0.001472,0,1
0.001473,1,0
0.001474,1,1
0.001476,0,0
0.001477,0,1
0.001479,1,1
0.001488,0,1
0.001489,0,0
0.001492,0,1
0.001493,0,0
0.001494,0,1
0.001496,0,0
0.001497,0,1
0.001498,0,0
0.001499,1,0
0.0015,1,1
0.001501,1,0
0.001502,1,1
0.001504,1,0
0.001505,1,1
0.001507,0,0
0.001508,0,1
0.001509,0,0
0.001511,0,1
0.001512,1,0
0.001513,1,1
0.001515,0,0
0.001516,0,1
0.001518,1,1
0.001527,0,1
0.001528,0,0
0.001531,0,1
0.001532,0,0
0.001533,0,1
0.001535,0,0
0.001536,0,1
0.001537,0,0
0.001538,1,0
0.001539,1,1
0.00154,1,0
0.001541,1,1
0.001543,1,0
0.001544,1,1
0.001545,1,0
0.001547,1,1
0.001548,0,0
0.001549,0,1
0.001551,1,0
0.001552,1,1
0.001553,1,0
0.001554,0,0
0.001555,0,1
0.001557,1,1
0.001566,0,1
0.001567,0,0
0.001569,0,1
0.001571,0,0
0.001572,0,1
0.001573,0,0
0.001574,1,0
0.001575,1,1
0.001576,0,0
0.001578,0,1
0.001579,0,0
0.00158,0,1
0.001582,0,0
0.001583,0,1
0.001584,0,0
0.001586,0,1
0.001587,0,0
0.001588,0,1
0.00159,1,0
0.001591,1,1
0.001592,1,0
0.001593,0,0
0.001594,0,1
0.001595,1,1
0.001605,0,1
0.001606,0,0
0.001608,0,1
0.00161,0,0
0.001611,0,1
0.001612,0,0
0.001613,1,0
0.001614,1,1
0.001615,0,0
0.001616,0,1
0.001618,0,0
0.001619,0,1
0.00162,0,0
0.001622,0,1
0.001623,0,0
0.001624,1,1
0.001626,0,0
0.001627,0,1
0.001628,0,0
0.001629,1,0
0.00163,1,1
0.001631,1,0
0.001632,0,0
0.001633,0,1
0.001634,1,1
0.001644,0,1
0.001645,0,0
0.001647,0,1
0.001648,0,0
0.00165,0,1
0.001651,0,0
0.001652,1,0
0.001653,1,1
0.001654,0,0
0.001655,0,1
0.001657,0,0
0.001658,0,1
0.001659,0,0
0.00166,1,0
0.001661,1,1
0.001662,0,0
0.001663,0,1
0.001665,0,0
0.001666,0,1
0.001667,0,0
0.001668,1,0
0.001669,1,1
0.00167,1,0
0.001671,0,0
0.001672,0,1
0.001673,1,1
0.001682,0,1
0.001684,0,0
0.001686,0,1
0.001687,0,0
0.001689,0,1
0.00169,1,0
0.001691,1,1
0.001693,0,0
0.001694,0,1
0.001695,0,0
0.001697,0,1
0.001698,0,0
0.001699,1,1
0.001701,1,0
0.001702,1,1
0.001703,1,0
0.001704,0,0
0.001705,0,1
0.001706,0,0
0.001707,1,0
0.001708,1,1
0.001709,0,0
0.001711,0,1
0.001712,1,1
0.001721,0,1
0.001722,0,0
0.001725,0,1
0.001726,0,0
0.001728,0,1
0.001729,1,0
0.00173,1,1
0.001732,0,0
0.001733,0,1
0.001734,0,0
0.001735,1,0
0.001736,1,1
0.001737,0,0
0.001738,0,1
0.00174,0,0
0.001741,0,1
0.001742,0,0
0.001744,0,1
0.001745,1,0
0.001746,1,1
0.001748,0,0
0.001749,0,1
0.001751,1,1
0.00176,0,1
0.001761,0,0
0.001764,0,1
0.001765,0,0
0.001766,0,1
0.001768,1,0
0.001769,1,1
0.00177,1,0
0.001771,0,0
0.001772,0,1
0.001773,0,0
0.001774,1,1
0.001776,0,0
0.001777,0,1
0.001779,1,0
0.00178,1,1
0.001781,1,0
0.001782,0,0
0.001783,0,1
0.001784,1,0
0.001785,1,1
0.001787,0,0
0.001788,0,1
0.00179,1,1
0.001799,0,1
0.0018,0,0
0.001803,0,1
0.001804,0,0
0.001805,0,1
0.001807,1,0
0.001808,1,1
0.001809,1,0
0.00181,0,0
0.001811,0,1
0.001812,1,0
0.001813,1,1
0.001815,1,0
0.001816,1,1
0.001817,1,0
0.001818,0,0
0.001819,0,1
0.00182,0,0
0.001821,0,1
0.001823,1,0
0.001824,1,1
0.001825,1,0
0.001826,0,0
0.001827,0,1
0.001829,1,1
0.001838,0,1
0.001839,0,0
0.001841,0,1
0.001843,0,0
0.001844,0,1
0.001845,0,0
0.001846,1,0
0.001847,1,1
0.001848,0,0
0.001849,0,1
0.001851,1,0
0.001852,1,1
0.001854,1,0
0.001855,1,1
0.001856,1,0
0.001858,1,1
0.001859,0,0
0.00186,0,1
0.001862,1,0
0.001863,1,1
0.001864,1,0
0.001865,0,0
0.001866,0,1
0.001867,1,1
0.001877,0,1
0.001878,0,0
0.00188,0,1
0.001882,0,0
0.001883,0,1
0.001884,0,0
0.001885,1,0
0.001886,1,1
0.001887,1,0
0.001888,1,1
0.00189,0,0
0.001891,0,1
0.001892,0,0
0.001894,0,1
0.001895,0,0
0.001896,0,1
0.001898,0,0
0.001899,0,1
0.0019,0,0
0.001901,1,0
0.001902,1,1
0.001903,1,0
0.001904,0,0
0.001905,0,1
0.001906,1,1
0.001916,0,1
0.001917,0,0
0.001919,0,1
0.00192,0,0
0.001922,0,1
0.001923,0,0
0.001924,1,0
0.001925,1,1
0.001926,1,0
0.001927,1,1
0.001929,0,0
0.00193,0,1
0.001931,0,0
0.001933,0,1
0.001934,1,0
0.001935,1,1
0.001937,0,0
0.001938,0,1
0.001939,0,0
0.00194,1,0
0.001941,1,1
0.001942,0,0
0.001944,0,1
0.001945,1,1
0.001954,0,1
0.001956,0,0
0.001958,0,1
0.001959,0,0
0.001961,0,1
0.001962,1,0
0.001963,1,1
0.001965,1,0
0.001966,1,1
0.001968,0,0
0.001969,0,1
0.00197,0,0
0.001971,1,0
0.001972,1,1
0.001973,0,0
0.001974,0,1
0.001976,0,0
0.001977,0,1
0.001978,0,0
0.001979,1,0
0.00198,1,1
0.001981,1,0
0.001982,0,0
0.001983,0,1
0.001984,1,1
0.001994,0,1
0.001995,0,0
0.001997,0,1
0.001998,0,0
0.002,0,1
0.002001,0,0
0.002002,1,0
0.002003,1,1
0.002004,1,0
0.002005,1,1
0.002007,0,0
0.002008,0,1
0.002009,0,0
0.00201,1,0
0.002011,1,1
0.002012,1,0
0.002013,1,1
0.002015,0,0
0.002016,0,1
0.002017,0,0
0.002018,1,0
0.002019,1,1
0.00202,1,0
0.002021,0,0
0.002022,0,1
0.002023,1,1
0.002032,0,1
0.002034,0,0
0.002036,0,1
0.002037,0,0
0.002039,0,1
0.00204,1,0
0.002041,1,1
0.002043,1,0
0.002044,1,1
0.002045,1,0
0.002047,1,1
0.002048,0,0
0.002049,0,1
0.002051,0,0
0.002052,0,1
0.002053,0,0
0.002055,0,1
0.002056,0,0
0.002057,1,0
0.002058,1,1
0.002059,1,0
0.00206,0,0
0.002061,0,1
0.002062,1,1
0.002072,0,1
0.002073,0,0
0.002075,0,1
0.002077,0,0
0.002078,0,1
0.002079,0,0
0.00208,1,0
0.002081,1,1
0.002082,1,0
0.002083,1,1
0.002085,1,0
0.002086,1,1
0.002087,1,0
0.002088,0,0
0.002089,0,1
0.00209,1,0
0.002091,1,1
0.002093,0,0
0.002094,0,1
0.002095,0,0
0.002096,1,0
0.002097,1,1
0.002098,1,0
0.002099,0,0
0.0021,0,1
0.002101,1,1
0.00211,0,1
0.002112,0,0
0.002114,0,1
0.002115,0,0
0.002117,0,1
0.002118,1,0
0.002119,1,1
0.002121,1,0
0.002122,1,1
0.002123,1,0
0.002125,1,1
0.002126,1,0
0.002127,1,1
0.002129,0,0
0.00213,0,1
0.002132,0,0
0.002133,0,1
0.002134,0,0
0.002135,1,0
0.002136,1,1
0.002137,0,0
0.002139,0,1
0.00214,1,1
0.002149,0,1
0.00215,0,0
0.002153,0,1
0.002154,0,0
0.002156,0,1
0.002157,1,0
0.002158,1,1
0.00216,1,0
0.002161,1,1
0.002162,1,0
0.002164,1,1
0.002165,1,0
0.002166,1,1
0.002168,1,0
0.002169,1,1
0.00217,1,0
0.002171,0,0
0.002172,0,1
0.002173,1,0
0.002174,1,1
0.002176,0,0
0.002177,0,1
0.002179,1,1
0.002188,0,1
0.002189,0,0
0.002192,0,1
0.002193,1,0
0.002194,1,1
0.002196,0,0
0.002197,0,1
0.002198,0,0
0.0022,0,1
0.002201,0,0
0.002203,0,1
0.002204,0,0
0.002205,0,1
0.002207,0,0
0.002208,0,1
0.002209,0,0
0.002211,0,1
0.002212,1,0
0.002213,1,1
0.002215,0,0
0.002216,0,1
0.002218,1,1
0.002227,0,1
0.002228,0,0
0.002231,0,1
0.002232,1,0
0.002233,1,1
0.002235,0,0
0.002236,0,1
0.002237,0,0
0.002239,0,1
0.00224,0,0
0.002241,0,1
0.002243,0,0
0.002244,0,1
0.002245,0,0
0.002246,1,0
0.002247,1,1
0.002248,0,0
0.002249,0,1
0.002251,1,0
0.002252,1,1
0.002253,1,0
0.002254,0,0
0.002255,0,1
0.002257,1,1
0.002266,0,1
0.002267,0,0
0.002269,0,1
0.002271,1,0
0.002272,1,1
0.002273,1,0
0.002274,0,0
0.002275,0,1
0.002276,0,0
0.002278,0,1
0.002279,0,0
0.00228,0,1
0.002282,1,0
0.002283,1,1
0.002284,1,0
0.002285,0,0
0.002286,0,1
0.002287,0,0
0.002288,0,1
0.00229,1,0
0.002291,1,1
0.002292,1,0
0.002293,0,0
0.002294,0,1
0.002295,1,1
0.002305,0,1
0.002306,0,0
0.002308,0,1
0.00231,1,0
0.002311,1,1
0.002312,1,0
0.002313,0,0
0.002314,0,1
0.002315,0,0
0.002316,0,1
0.002318,0,0
0.002319,0,1
0.00232,0,0
0.002321,1,0
0.002322,1,1
0.002323,1,0
0.002324,1,1
0.002326,0,0
0.002327,0,1
0.002328,0,0
0.002329,1,0
0.00233,1,1
0.002331,1,0
0.002332,0,0
0.002333,0,1
0.002334,1,1
0.002344,0,1
0.002345,0,0
0.002347,0,1
0.002348,0,0
0.002349,1,0
0.00235,1,1
0.002351,0,1
0.002352,0,0
0.002353,0,1
0.002354,0,0
0.002355,0,1
0.002357,1,0
0.002358,1,1
0.002359,1,0
0.00236,0,0
0.002361,0,1
0.002362,0,0
0.002363,0,1
0.002365,0,0
0.002366,0,1
0.002367,0,0
0.002368,1,0
0.002369,1,1
0.00237,1,0
0.002371,0,0
0.002372,0,1
0.002373,1,1
0.002382,0,1
0.002384,0,0
0.002386,0,1
0.002387,0,0
0.002388,1,0
0.002389,1,1
0.00239,0,0
0.002391,0,1
0.002393,0,0
0.002394,0,1
0.002395,0,0
0.002396,1,0
0.002397,1,1
0.002398,0,0
0.002399,0,1
0.002401,1,0
0.002402,1,1
0.002403,1,0
0.002404,0,0
0.002405,0,1
0.002406,0,0
0.002407,1,0
0.002408,1,1
0.002409,0,0
0.002411,0,1
0.002412,1,1
0.002421,0,1
0.002422,0,0
0.002425,0,1
0.002426,0,0
0.002427,1,0
0.002428,1,1
0.002429,0,0
0.00243,0,1
0.002432,0,0
0.002433,0,1
0.002434,0,0
0.002435,1,0
0.002436,1,1
0.002437,1,0
0.002438,1,1
0.00244,0,0
0.002441,0,1
0.002442,0,0
0.002444,0,1
0.002445,1,0
0.002446,1,1
0.002448,0,0
0.002449,0,1
0.002451,1,1
0.00246,0,1
0.002461,0,0
0.002464,0,1
0.002465,1,0
0.002466,1,1
0.002468,0,0
0.002469,0,1
0.00247,0,0
0.002472,0,1
0.002473,0,0
0.002474,1,1
0.002476,1,0
0.002477,1,1
0.002479,1,0
0.00248,1,1
0.002481,1,0
0.002482,0,0
0.002483,0,1
0.002484,1,0
0.002485,1,1
0.002487,0,0
0.002488,0,1
0.00249,1,1
0.002499,0,1
0.0025,0,0
0.002503,0,1
0.002504,1,0
0.002505,1,1
0.002507,0,0
0.002508,0,1
0.002509,0,0
0.00251,1,0
0.002511,1,1
0.002512,0,0
0.002513,0,1
0.002515,0,0
0.002516,0,1
0.002517,0,0
0.002519,0,1
0.00252,0,0
0.002521,0,1
0.002523,1,0
0.002524,1,1
0.002525,1,0
0.002526,0,0
0.002527,0,1
0.002529,1,1
0.002538,0,1
0.002539,0,0
0.002541,0,1
0.002543,1,0
0.002544,1,1
0.002545,1,0
0.002546,0,0
0.002547,0,1
0.002548,0,0
0.002549,1,0
0.00255,1,1
0.002551,0,0
0.002552,0,1
0.002554,0,0
0.002555,0,1
0.002556,0,0
0.002557,1,0
0.002558,1,1
0.002559,0,0
0.00256,0,1
0.002562,1,0
0.002563,1,1
0.002564,1,0
0.002565,0,0
0.002566,0,1
0.002567,1,1
0.002577,0,1
0.002578,0,0
0.00258,0,1
0.002582,1,0
0.002583,1,1
0.002584,1,0
0.002585,0,0
0.002586,0,1
0.002587,1,0
0.002588,1,1
0.00259,0,0
0.002591,0,1
0.002592,0,0
0.002593,1,0
0.002594,1,1
0.002595,0,0
0.002596,0,1
0.002598,0,0
0.002599,0,1
0.0026,0,0
0.002601,1,0
0.002602,1,1
0.002603,1,0
0.002604,0,0
0.002605,0,1
0.002606,1,1
0.002616,0,1
0.002617,0,0
0.002619,0,1
0.00262,0,0
0.002621,1,0
0.002622,1,1
0.002623,0,0
0.002625,0,1
0.002626,1,0
0.002627,1,1
0.002629,0,0
0.00263,0,1
0.002631,0,0
0.002632,1,0
0.002633,1,1
0.002634,1,0
0.002635,1,1
0.002637,0,0
0.002638,0,1
0.002639,0,0
0.00264,1,0
0.002641,1,1
0.002642,0,0
0.002644,0,1
0.002645,1,1
0.002654,0,1
0.002656,0,0
0.002658,0,1
0.002659,0,0
0.00266,1,0
0.002661,1,1
0.002662,0,0
0.002663,0,1
0.002665,1,0
0.002666,1,1
0.002667,1,0
0.002669,1,1
0.00267,0,0
0.002671,0,1
0.002673,0,0
0.002674,0,1
0.002675,0,0
0.002677,0,1
0.002678,0,0
0.002679,1,0
0.00268,1,1
0.002681,0,0
0.002683,0,1
0.002684,1,1
0.002693,0,1
0.002694,0,0
0.002697,0,1
0.002698,0,0
0.002699,1,0
0.0027,1,1
0.002701,0,0
0.002702,0,1
0.002704,1,0
0.002705,1,1
0.002706,1,0
0.002708,1,1
0.002709,0,0
0.00271,0,1
0.002712,1,0
0.002713,1,1
0.002714,1,0
0.002715,0,0
0.002716,0,1
0.002717,1,0
0.002718,1,1
0.00272,0,0
0.002721,0,1
0.002723,1,1
0.002732,0,1
0.002733,0,0
0.002736,0,1
0.002737,1,0
0.002738,1,1
0.00274,0,0
0.002741,0,1
0.002742,0,0
0.002743,1,0
0.002744,1,1
0.002745,1,0
0.002746,1,1
0.002748,1,0
0.002749,1,1
0.00275,1,0
0.002751,0,0
0.002752,0,1
0.002753,0,0
0.002755,0,1
0.002756,1,0
0.002757,1,1
0.002759,0,0
0.00276,0,1
0.002762,1,1
0.002771,0,1
0.002772,0,0
0.002775,0,1
0.002776,1,0
0.002777,1,1
0.002779,0,0
0.00278,0,1
0.002781,0,0
0.002782,1,0
0.002783,1,1
0.002784,1,0
0.002785,1,1
0.002787,1,0
0.002788,1,1
0.002789,1,0
0.002791,1,1
0.002792,0,0
0.002793,0,1
0.002795,1,0
0.002796,1,1
0.002797,1,0
0.002798,0,0
0.002799,0,1
0.002801,1,1
0.00281,0,1
0.002811,0,0
0.002813,0,1
0.002815,1,0
0.002816,1,1
0.002817,1,0
0.002819,1,1
0.00282,1,0
0.002821,0,0
0.002822,0,1
0.002823,0,0
0.002824,0,1
0.002826,0,0
0.002827,0,1
0.002828,0,0
0.00283,0,1
0.002831,0,0
0.002832,0,1
0.002834,1,0
0.002835,1,1
0.002836,1,0
0.002837,0,0
0.002838,0,1
0.00284,1,1
0.002849,0,1
0.00285,0,0
0.002853,0,1
0.002854,1,0
0.002855,1,1
0.002857,1,0
0.002858,1,1
0.002859,1,0
0.00286,0,0
0.002861,0,1
0.002862,0,0
0.002863,0,1
0.002865,0,0
0.002866,0,1
0.002867,0,0
0.002868,1,0
0.002869,1,1
0.00287,0,0
0.002871,0,1
0.002873,1,0
0.002874,1,1
0.002875,1,0
0.002876,0,0
0.002877,0,1
0.002879,1,1
0.002888,0,1
0.002889,0,0
0.002891,0,1
0.002893,1,0
0.002894,1,1
0.002895,1,0
0.002897,1,1
0.002898,0,0
0.002899,0,1
0.002901,0,0
0.002902,0,1
0.002904,1,0
0.002905,1,1
0.002906,1,0
0.002907,0,0
0.002908,0,1
0.002909,0,0
0.00291,0,1
0.002912,1,0
0.002913,1,1
0.002914,1,0
0.002915,0,0
0.002916,0,1
0.002917,1,1
0.002927,0,1
0.002928,0,0
0.00293,0,1
0.002932,1,0
0.002933,1,1
0.002934,1,0
0.002936,1,1
0.002937,0,0
0.002938,0,1
0.00294,0,0
0.002941,0,1
0.002942,0,0
0.002943,1,0
0.002944,1,1
0.002945,1,0
0.002946,1,1
0.002948,0,0
0.002949,0,1
0.00295,0,0
0.002951,1,0
0.002952,1,1
0.002953,1,0
0.002954,0,0
0.002955,0,1
0.002956,1,1
0.002966,0,1
0.002967,0,0
0.002969,0,1
0.002971,1,0
0.002972,1,1
0.002973,1,0
0.002975,1,1
0.002976,0,0
0.002977,0,1
0.002979,1,0
0.00298,1,1
0.002981,1,0
0.002982,0,0
0.002983,0,1
0.002984,0,0
0.002985,0,1
0.002987,0,0
0.002988,0,1
0.002989,0,0
0.00299,1,0
0.002991,1,1
0.002992,1,0
0.002993,0,0
0.002994,0,1
0.002995,1,1
0.003005,0,1
0.003006,0,0
0.003008,0,1
0.00301,1,0
0.003011,1,1
0.003012,1,0
0.003014,1,1
0.003015,0,0
0.003016,0,1
0.003018,1,0
0.003019,1,1
0.00302,1,0
0.003021,0,0
0.003022,0,1
0.003023,0,0
0.003024,1,1
0.003026,0,0
0.003027,0,1
0.003028,0,0
0.003029,1,0
0.00303,1,1
0.003031,1,0
0.003032,0,0
0.003033,0,1
0.003034,1,1
0.003044,0,1
0.003045,0,0
0.003047,0,1
0.003048,0,0
0.003049,1,0
0.00305,1,1
0.003051,1,0
0.003053,1,1
0.003054,0,0
0.003055,0,1
0.003057,1,0
0.003058,1,1
0.003059,1,0
0.003061,1,1
0.003062,0,0
0.003063,0,1
0.003065,0,0
0.003066,0,1
0.003067,0,0
0.003068,1,0
0.003069,1,1
0.00307,1,0
0.003071,0,0
0.003072,0,1
0.003073,1,1
0.003082,0,1
0.003084,0,0
0.003086,0,1
0.003087,0,0
0.003088,1,0
0.003089,1,1
0.00309,1,0
0.003091,1,1
0.003093,0,0
0.003094,0,1
0.003095,0,0
0.003096,1,0
0.003097,1,1
0.003098,1,0
0.003099,1,1
0.003101,1,0
0.003102,1,1
0.003103,1,0
0.003104,0,0
0.003105,0,1
0.003106,0,0
0.003107,1,0
0.003108,1,1
0.003109,0,0
0.003111,0,1
0.003112,1,1
0.003121,0,1
0.003122,0,0
0.003125,0,1
0.003126,0,0
0.003127,1,0
0.003128,1,1
0.003129,1,0
0.00313,1,1
0.003132,1,0
0.003133,1,1
0.003134,1,0
0.003135,0,0
0.003136,0,1
0.003137,0,0
0.003138,0,1
0.00314,0,0
0.003141,0,1
0.003142,0,0
0.003144,0,1
0.003145,1,0
0.003146,1,1
0.003148,0,0
0.003149,0,1
0.003151,1,1
0.00316,0,1
0.003161,0,0
0.003164,0,1
0.003165,1,0
0.003166,1,1
0.003168,1,0
0.003169,1,1
0.00317,1,0
0.003172,1,1
0.003173,0,0
0.003174,0,1
0.003176,0,0
0.003177,0,1
0.003179,1,0
0.00318,1,1
0.003181,1,0
0.003182,0,0
0.003183,0,1
0.003184,1,0
0.003185,1,1
0.003187,0,0
0.003188,0,1
0.00319,1,1
0.003199,0,1
0.0032,0,0
0.003203,0,1
0.003204,1,0
0.003205,1,1
0.003207,1,0
0.003208,1,1
0.003209,1,0
0.003211,1,1
0.003212,0,0
0.003213,0,1
0.003215,1,0
0.003216,1,1
0.003217,1,0
0.003218,0,0
0.003219,0,1
0.00322,0,0
0.003221,0,1
0.003223,1,0
0.003224,1,1
0.003225,1,0
0.003226,0,0
0.003227,0,1
0.003229,1,1
0.003238,0,1
0.003239,0,0
0.003241,0,1
0.003243,1,0
0.003244,1,1
0.003245,1,0
0.003247,1,1
0.003248,1,0
0.003249,1,1
0.003251,0,0
0.003252,0,1
0.003254,1,0
0.003255,1,1
0.003256,1,0
0.003258,1,1
0.003259,0,0
0.00326,0,1
0.003262,1,0
0.003263,1,1
0.003264,1,0
0.003265,0,0
0.003266,0,1
0.003267,1,1
0.003277,0,1
0.003278,0,0
0.00328,0,1
0.003282,1,0
0.003283,1,1
0.003284,1,0
0.003286,1,1
0.003287,1,0
0.003288,1,1
0.00329,1,0
0.003291,1,1
0.003292,1,0
0.003293,0,0
0.003294,0,1
0.003295,0,0
0.003296,0,1
0.003298,0,0
0.003299,0,1
0.0033,0,0
0.003301,1,0
0.003302,1,1
0.003303,1,0
0.003304,0,0
0.003305,0,1
0.003306,1,1
0.003316,0,1
0.003317,0,0
0.003319,0,1
0.00332,0,0
0.003321,1,0
0.003322,1,1
0.003323,1,0
0.003325,1,1
0.003326,1,0
0.003327,1,1
0.003329,1,0
0.00333,1,1
0.003331,1,0
0.003332,0,0
0.003333,0,1
0.003334,1,0
0.003335,1,1
0.003337,0,0
0.003338,0,1
0.003339,0,0
0.00334,1,0
0.003341,1,1
0.003342,0,0
0.003344,0,1
0.003345,1,1
0.003354,0,1
0.003356,0,0
0.003358,0,1
0.003359,0,0
0.00336,1,0
0.003361,1,1
0.003362,1,0
0.003363,1,1
0.003365,1,0
0.003366,1,1
0.003367,1,0
0.003369,1,1
0.00337,1,0
0.003371,1,1
0.003373,0,0
0.003374,0,1
0.003375,0,0
0.003377,0,1
0.003378,0,0
0.003379,1,0
0.00338,1,1
0.003381,0,0
0.003383,0,1
0.003384,1,1
0.003393,0,1
0.003394,0,0
0.003397,0,1
0.003398,0,0
0.003399,1,0
0.0034,1,1
0.003401,1,0
0.003402,1,1
0.003404,1,0
0.003405,1,1
0.003406,1,0
0.003408,1,1
0.003409,1,0
0.00341,1,1
0.003412,1,0
0.003413,1,1
0.003415,0,0
0.003416,0,1
0.003417,0,0
0.003418,1,0
0.003419,1,1
0.00342,1,0
0.003421,0,0
0.003422,0,1
0.003423,1,1
0.003432,0,1
0.003434,0,0
0.003435,1,0
0.003436,1,1
0.003437,1,0
0.003438,0,0
0.003439,0,1
0.00344,0,0
0.003441,0,1
0.003443,0,0
0.003444,0,1
0.003445,0,0
0.003447,0,1
0.003448,0,0
0.003449,0,1
0.003451,0,0
0.003452,0,1
0.003453,0,0
0.003455,0,1
0.003456,0,0
0.003457,1,0
0.003458,1,1
0.003459,0,0
0.003461,0,1
0.003462,1,1
0.003471,0,1
0.003472,0,0
0.003473,1,0
0.003475,1,1
0.003476,1,0
0.003477,0,0
0.003478,0,1
0.003479,0,0
0.00348,0,1
0.003482,0,0
0.003483,0,1
0.003484,0,0
0.003486,0,1
0.003487,0,0
0.003488,0,1
0.00349,1,0
0.003491,1,1
0.003492,1,0
0.003493,0,0
0.003494,0,1
0.003495,1,0
0.003496,1,1
0.003498,0,0
0.003499,0,1
0.003501,1,1
0.00351,0,1
0.003511,0,0
0.003512,1,0
0.003514,1,1
0.003515,0,0
0.003516,0,1
0.003518,0,0
0.003519,0,1
0.00352,0,0
0.003522,0,1
0.003523,0,0
0.003524,0,1
0.003526,1,0
0.003527,1,1
0.003529,0,0
0.00353,0,1
0.003531,0,0
0.003533,0,1
0.003534,1,0
0.003535,1,1
0.003537,0,0
0.003538,0,1
0.00354,1,1
0.003549,0,1
0.00355,0,0
0.003551,1,0
0.003553,1,1
0.003554,0,0
0.003555,0,1
0.003557,0,0
0.003558,0,1
0.003559,0,0
0.003561,0,1
0.003562,0,0
0.003563,0,1
0.003565,1,0
0.003566,1,1
0.003567,1,0
0.003569,1,1
0.00357,0,0
0.003571,0,1
0.003573,1,0
0.003574,1,1
0.003575,1,0
0.003576,0,0
0.003577,0,1
0.003579,1,1
0.003588,0,1
0.003589,0,0
0.00359,1,0
0.003591,1,1
0.003593,0,0
0.003594,0,1
0.003595,0,0
0.003597,0,1
0.003598,0,0
0.0036,0,1
0.003601,1,0
0.003602,1,1
0.003604,0,0
0.003605,0,1
0.003606,0,0
0.003608,0,1
0.003609,0,0
0.00361,0,1
0.003612,1,0
0.003613,1,1
0.003614,1,0
0.003615,0,0
0.003616,0,1
0.003617,1,1
0.003627,0,1
0.003628,0,0
0.003629,1,0
0.00363,1,1
0.003632,0,0
0.003633,0,1
0.003634,0,0
0.003636,0,1
0.003637,0,0
0.003638,0,1
0.00364,1,0
0.003641,1,1
0.003642,1,0
0.003643,0,0
0.003644,0,1
0.003645,1,0
0.003646,1,1
0.003648,0,0
0.003649,0,1
0.00365,0,0
0.003651,1,0
0.003652,1,1
0.003653,1,0
0.003654,0,0
0.003655,0,1
0.003656,1,1
0.003666,0,1
0.003667,0,0
0.003668,1,0
0.003669,1,1
0.00367,1,0
0.003671,0,0
0.003672,0,1
0.003673,0,0
0.003675,0,1
0.003676,0,0
0.003677,0,1
0.003679,1,0
0.00368,1,1
0.003681,1,0
0.003683,1,1
0.003684,0,0
0.003685,0,1
0.003687,0,0
0.003688,0,1
0.003689,0,0
0.00369,1,0
0.003691,1,1
0.003692,0,0
0.003694,0,1
0.003695,1,1
0.003704,0,1
0.003706,0,0
0.003707,1,0
0.003708,1,1
0.003709,1,0
0.00371,0,0
0.003711,0,1
0.003712,0,0
0.003713,0,1
0.003715,0,0
0.003716,0,1
0.003717,0,0
0.003718,1,0
0.003719,1,1
0.00372,1,0
0.003721,1,1
0.003723,1,0
0.003724,1,1
0.003725,1,0
0.003726,0,0
0.003727,0,1
0.003728,0,0
0.003729,1,0
0.00373,1,1
0.003731,0,0
0.003733,0,1
0.003734,1,1
0.003743,0,1
0.003744,0,0
0.003745,1,0
0.003747,1,1
0.003748,0,0
0.00375,0,1
0.003751,0,0
0.003752,0,1
0.003754,1,0
0.003755,1,1
0.003756,1,0
0.003757,0,0
0.003758,0,1
0.003759,0,0
0.00376,0,1
0.003762,0,0
0.003763,0,1
0.003764,0,0
0.003766,0,1
0.003767,1,0
0.003768,1,1
0.00377,0,0
0.003771,0,1
0.003773,1,1
0.003782,0,1
0.003783,0,0
0.003784,1,0
0.003786,1,1
0.003787,0,0
0.003788,0,1
0.00379,0,0
0.003791,0,1
0.003792,0,0
0.003793,1,0
0.003794,1,1
0.003795,0,0
0.003796,0,1
0.003798,0,0
0.003799,0,1
0.0038,0,0
0.003801,1,0
0.003802,1,1
0.003803,0,0
0.003805,0,1
0.003806,1,0
0.003807,1,1
0.003809,0,0
0.00381,0,1
0.003812,1,1
0.003821,0,1
0.003822,0,0
0.003823,1,0
0.003825,1,1
0.003826,0,0
0.003827,0,1
0.003829,0,0
0.00383,0,1
0.003831,0,0
0.003832,1,0
0.003833,1,1
0.003834,0,0
0.003835,0,1
0.003837,1,0
0.003838,1,1
0.003839,1,0
0.00384,0,0
0.003841,0,1
0.003842,0,0
0.003843,0,1
0.003845,1,0
0.003846,1,1
0.003847,1,0
0.003848,0,0
0.003849,0,1
0.003851,1,1
0.00386,0,1
0.003861,0,0
0.003862,1,0
0.003863,1,1
0.003865,0,0
0.003866,0,1
0.003867,0,0
0.003869,0,1
0.00387,0,0
0.003871,1,1
0.003873,0,0
0.003874,0,1
0.003875,0,0
0.003876,1,0
0.003877,1,1
0.003878,1,0
0.00388,1,1
0.003881,0,0
0.003882,0,1
0.003884,1,0
0.003885,1,1
0.003886,1,0
0.003887,0,0
0.003888,0,1
0.003889,1,1
0.003899,0,1
0.0039,0,0
0.003901,1,0
0.003902,1,1
0.003904,0,0
0.003905,0,1
0.003906,0,0
0.003908,0,1
0.003909,1,0
0.00391,1,1
0.003912,1,0
0.003913,1,1
0.003914,1,0
0.003915,0,0
0.003916,0,1
0.003917,0,0
0.003918,0,1
0.00392,0,0
0.003921,0,1
0.003922,0,0
0.003923,1,0
0.003924,1,1
0.003925,1,0
0.003926,0,0
0.003927,0,1
0.003928,1,1
0.003938,0,1
0.003939,0,0
0.00394,1,0
0.003941,1,1
0.003942,1,0
0.003943,0,0
0.003944,0,1
0.003945,0,0
0.003946,0,1
0.003948,1,0
0.003949,1,1
0.003951,1,0
0.003952,1,1
0.003953,1,0
0.003954,0,0
0.003955,0,1
0.003956,1,0
0.003957,1,1
0.003959,0,0
0.00396,0,1
0.003961,0,0
0.003962,1,0
0.003963,1,1
0.003964,0,0
0.003966,0,1
0.003967,1,1
0.003976,0,1
0.003978,0,0
0.003979,1,0
0.00398,1,1
0.003981,1,0
0.003982,0,0
0.003983,0,1
0.003984,0,0
0.003985,0,1
0.003987,1,0
0.003988,1,1
0.003989,1,0
0.003991,1,1
0.003992,1,0
0.003993,1,1
0.003995,0,0
0.003996,0,1
0.003997,0,0
0.003999,0,1
0.004,0,0
0.004001,1,1
0.004003,0,0
0.004005,0,1
0.004006,1,1
0.004015,0,1
0.004016,0,0
0.004017,1,0
0.004019,1,1
0.00402,0,0
0.004021,0,1
0.004023,0,0
0.004024,0,1
0.004026,1,0
0.004027,1,1
0.004028,1,0
0.00403,1,1
0.004031,1,0
0.004032,1,1
0.004034,1,0
0.004035,1,1
0.004036,1,0
0.004037,0,0
0.004038,0,1
0.004039,1,0
0.00404,1,1
0.004042,0,0
0.004043,0,1
0.004045,1,1
0.004054,0,1
0.004055,0,0
0.004056,1,0
0.004058,1,1
0.004059,0,0
0.00406,0,1
0.004062,1,0
0.004063,1,1
0.004064,1,0
0.004065,0,0
0.004066,0,1
0.004067,0,0
0.004068,0,1
0.00407,0,0
0.004071,0,1
0.004072,0,0
0.004074,0,1
0.004075,0,0
0.004077,0,1
0.004078,1,0
0.004079,1,1
0.004081,0,0
0.004082,0,1
0.004084,1,1
0.004093,0,1
0.004094,0,0
0.004095,1,0
0.004097,1,1
0.004098,0,0
0.004099,0,1
0.004101,1,0
0.004102,1,1
0.004103,1,0
0.004104,0,0
0.004105,0,1
0.004106,0,0
0.004107,0,1
0.004109,0,0
0.00411,0,1
0.004111,0,0
0.004112,1,0
0.004113,1,1
0.004114,0,0
0.004115,0,1
0.004117,1,0
0.004118,1,1
0.004119,1,0
0.00412,0,0
0.004121,0,1
0.004123,1,1
0.004132,0,1
0.004133,0,0
0.004134,1,0
0.004135,1,1
0.004137,0,0
0.004138,0,1
0.004139,0,0
0.00414,1,0
0.004141,1,1
0.004142,0,0
0.004143,0,1
0.004145,0,0
0.004146,0,1
0.004147,0,0
0.004148,1,0
0.004149,1,1
0.00415,0,0
0.004152,0,1
0.004153,0,0
0.004154,0,1
0.004156,1,0
0.004157,1,1
0.004158,1,0
0.004159,0,0
0.00416,0,1
0.004162,1,1
0.004171,0,1
0.004172,0,0
0.004173,1,0
0.004175,1,1
0.004176,0,0
0.004177,0,1
0.004179,1,0
0.00418,1,1
0.004181,1,0
0.004182,0,0
0.004183,0,1
0.004184,0,0
0.004185,0,1
0.004187,1,0
0.004188,1,1
0.004189,1,0
0.004191,1,1
0.004192,0,0
0.004193,0,1
0.004195,1,0
0.004196,1,1
0.004197,1,0
0.004198,0,0
0.004199,0,1
0.004201,1,1
0.00421,0,1
0.004211,0,0
0.004212,1,0
0.004213,1,1
0.004215,0,0
0.004216,0,1
0.004217,0,0
0.004218,1,0
0.004219,1,1
0.00422,0,0
0.004221,0,1
0.004223,1,0
0.004224,1,1
0.004225,1,0
0.004226,0,0
0.004227,0,1
0.004228,0,0
0.00423,0,1
0.004231,0,0
0.004232,0,1
0.004234,1,0
0.004235,1,1
0.004236,1,0
0.004237,0,0
0.004238,0,1
0.004239,1,1
0.004249,0,1
0.00425,0,0
0.004251,1,0
0.004252,1,1
0.004254,0,0
0.004255,0,1
0.004256,0,0
0.004257,1,0
0.004258,1,1
0.004259,0,0
0.00426,0,1
0.004262,1,0
0.004263,1,1
0.004264,1,0
0.004265,0,0
0.004266,0,1
0.004267,0,0
0.004268,1,0
0.004269,1,1
0.00427,0,0
0.004271,0,1
0.004273,1,0
0.004274,1,1
0.004275,1,0
0.004276,0,0
0.004277,0,1
0.004279,1,1
0.004288,0,1
0.004289,0,0
0.00429,1,0
0.004291,1,1
0.004293,0,0
0.004294,0,1
0.004295,0,0
0.004296,1,0
0.004297,1,1
0.004298,0,0
0.004299,0,1
0.004301,1,0
0.004302,1,1
0.004304,1,0
0.004305,1,1
0.004306,1,0
0.004307,0,0
0.004308,0,1
0.004309,0,0
0.00431,0,1
0.004312,1,0
0.004313,1,1
0.004314,1,0
0.004315,0,0
0.004316,0,1
0.004317,1,1
0.004327,0,1
0.004328,0,0
0.004329,1,0
0.00433,1,1
0.004332,0,0
0.004333,0,1
0.004334,0,0
0.004335,1,0
0.004336,1,1
0.004337,0,0
0.004338,0,1
0.00434,1,0
0.004341,1,1
0.004342,1,0
0.004344,1,1
0.004345,1,0
0.004347,1,1
0.004348,0,0
0.004349,0,1
0.004351,1,0
0.004352,1,1
0.004353,1,0
0.004354,0,0
0.004355,0,1
0.004357,1,1
0.004366,0,1
0.004367,0,0
0.004368,1,0
0.004369,1,1
0.004371,0,0
0.004372,0,1
0.004373,0,0
0.004374,1,0
0.004375,1,1
0.004376,1,0
0.004378,1,1
0.004379,0,0
0.00438,0,1
0.004382,0,0
0.004383,0,1
0.004384,0,0
0.004386,0,1
0.004387,0,0
0.004388,0,1
0.00439,1,0
0.004391,1,1
0.004392,1,0
0.004393,0,0
0.004394,0,1
0.004395,1,1
0.004405,0,1
0.004406,0,0
0.004407,1,0
0.004408,1,1
0.00441,0,0
0.004411,0,1
0.004412,0,0
0.004413,1,0
0.004414,1,1
0.004415,1,0
0.004416,1,1
0.004418,0,0
0.004419,0,1
0.00442,0,0
0.004422,0,1
0.004423,0,0
0.004424,1,1
0.004426,0,0
0.004427,0,1
0.004428,0,0
0.004429,1,0
0.00443,1,1
0.004431,1,0
0.004432,0,0
0.004433,0,1
0.004434,1,1
0.004444,0,1
0.004445,0,0
0.004446,1,0
0.004447,1,1
0.004448,1,0
0.004449,0,0
0.00445,0,1
0.004451,0,0
0.004452,1,0
0.004453,1,1
0.004454,1,0
0.004455,1,1
0.004457,0,0
0.004458,0,1
0.004459,0,0
0.00446,1,0
0.004461,1,1
0.004462,0,0
0.004463,0,1
0.004465,0,0
0.004466,0,1
0.004467,0,0
0.004468,1,0
0.004469,1,1
0.00447,1,0
0.004471,0,0
0.004472,0,1
0.004473,1,1
0.004482,0,1
0.004484,0,0
0.004485,1,0
0.004486,1,1
0.004487,1,0
0.004488,0,0
0.004489,0,1
0.00449,1,0
0.004491,1,1
0.004493,1,0
0.004494,1,1
0.004495,1,0
0.004496,0,0
0.004497,0,1
0.004498,0,0
0.004499,1,1
0.004501,1,0
0.004502,1,1
0.004503,1,0
0.004504,0,0
0.004505,0,1
0.004506,0,0
0.004507,1,0
0.004508,1,1
0.004509,0,0
0.004511,0,1
0.004512,1,1
0.004521,0,1
0.004522,0,0
0.004523,1,0
0.004525,1,1
0.004526,1,0
0.004527,0,0
0.004528,0,1
0.004529,1,0
0.00453,1,1
0.004532,1,0
0.004533,1,1
0.004534,1,0
0.004536,1,1
0.004537,0,0
0.004538,0,1
0.00454,0,0
0.004541,0,1
0.004542,0,0
0.004544,0,1
0.004545,1,0
0.004546,1,1
0.004548,0,0
0.004549,0,1
0.004551,1,1
0.00456,0,1
0.004561,0,0
0.004562,1,0
0.004564,1,1
0.004565,0,0
0.004566,0,1
0.004568,1,0
0.004569,1,1
0.00457,1,0
0.004572,1,1
0.004573,1,0
0.004574,1,1
0.004576,0,0
0.004577,0,1
0.004579,1,0
0.00458,1,1
0.004581,1,0
0.004582,0,0
0.004583,0,1
0.004584,1,0
0.004585,1,1
0.004587,0,0
0.004588,0,1
0.00459,1,1
0.004599,0,1
0.0046,0,0
0.004601,1,0
0.004603,1,1
0.004604,0,0
0.004605,0,1
0.004607,1,0
0.004608,1,1
0.004609,1,0
0.004611,1,1
0.004612,1,0
0.004613,1,1
0.004615,1,0
0.004616,1,1
0.004617,1,0
0.004618,0,0
0.004619,0,1
0.00462,0,0
0.004621,0,1
0.004623,1,0
0.004624,1,1
0.004625,1,0
0.004626,0,0
0.004627,0,1
0.004629,1,1
0.004638,0,1
0.004639,0,0
0.00464,1,0
0.004641,1,1
0.004643,0,0
0.004644,0,1
0.004645,0,0
0.004646,1,0
0.004647,1,1
0.004648,1,0
0.004649,1,1
0.004651,1,0
0.004652,1,1
0.004654,1,0
0.004655,1,1
0.004656,1,0
0.004658,1,1
0.004659,0,0
0.00466,0,1
0.004662,1,0
0.004663,1,1
0.004664,1,0
0.004665,0,0
0.004666,0,1
0.004667,1,1
0.004677,0,1
0.004678,0,0
0.004679,1,0
0.00468,1,1
0.004682,1,0
0.004683,1,1
0.004684,1,0
0.004685,0,0
0.004686,0,1
0.004687,0,0
0.004688,0,1
0.00469,0,0
0.004691,0,1
0.004692,0,0
0.004694,0,1
0.004695,0,0
0.004696,0,1
0.004698,0,0
0.004699,0,1
0.0047,0,0
0.004701,1,0
0.004702,1,1
0.004703,1,0
0.004704,0,0
0.004705,0,1
0.004706,1,1
0.004716,0,1
0.004717,0,0
0.004718,1,0
0.004719,1,1
0.00472,1,0
0.004722,1,1
0.004723,0,0
0.004724,0,1
0.004726,0,0
0.004727,0,1
0.004729,0,0
0.00473,0,1
0.004731,0,0
0.004733,0,1
0.004734,1,0
0.004735,1,1
0.004737,0,0
0.004738,0,1
0.004739,0,0
0.00474,1,0
0.004741,1,1
0.004742,0,0
0.004744,0,1
0.004745,1,1
0.004754,0,1
0.004756,0,0
0.004757,1,0
0.004758,1,1
0.004759,1,0
0.004761,1,1
0.004762,0,0
0.004763,0,1
0.004765,0,0
0.004766,0,1
0.004767,0,0
0.004769,0,1
0.00477,1,0
0.004771,1,1
0.004773,0,0
0.004774,0,1
0.004775,0,0
0.004777,0,1
0.004778,0,0
0.004779,1,0
0.00478,1,1
0.004781,0,0
0.004783,0,1
0.004784,1,1
0.004793,0,1
0.004794,0,0
0.004795,1,0
0.004797,1,1
0.004798,1,0
0.0048,1,1
0.004801,0,0
0.004802,0,1
0.004804,0,0
0.004805,0,1
0.004806,0,0
0.004808,0,1
0.004809,1,0
0.00481,1,1
0.004812,1,0
0.004813,1,1
0.004814,1,0
0.004815,0,0
0.004816,0,1
0.004817,1,0
0.004818,1,1
0.00482,0,0
0.004821,0,1
0.004823,1,1
0.004832,0,1
0.004833,0,0
0.004834,1,0
0.004836,1,1
0.004837,1,0
0.004838,1,1
0.00484,0,0
0.004841,0,1
0.004842,0,0
0.004844,0,1
0.004845,0,0
0.004846,1,1
0.004848,0,0
0.004849,0,1
0.00485,0,0
0.004852,0,1
0.004853,0,0
0.004855,0,1
0.004856,1,0
0.004857,1,1
0.004859,0,0
0.00486,0,1
0.004862,1,1
0.004871,0,1
0.004872,0,0
0.004873,1,0
0.004875,1,1
0.004876,1,0
0.004877,1,1
0.004879,0,0
0.00488,0,1
0.004881,0,0
0.004883,0,1
0.004884,1,0
0.004885,1,1
0.004887,0,0
0.004888,0,1
0.004889,0,0
0.00489,1,0
0.004891,1,1
0.004892,0,0
0.004893,0,1
0.004895,1,0
0.004896,1,1
0.004898,0,0
0.004899,0,1
0.004901,1,1
0.00491,0,1
0.004911,0,0
0.004912,1,0
0.004914,1,1
0.004915,1,0
0.004916,1,1
0.004918,0,0
0.004919,0,1
0.00492,0,0
0.004922,0,1
0.004923,0,0
0.004924,1,1
0.004926,1,0
0.004927,1,1
0.004929,0,0
0.00493,0,1
0.004931,0,0
0.004933,0,1
0.004934,1,0
0.004935,1,1
0.004937,0,0
0.004938,0,1
0.00494,1,1
0.004949,0,1
0.00495,0,0
0.004951,1,0
0.004953,1,1
0.004954,1,0
0.004955,1,1
0.004957,0,0
0.004958,0,1
0.004959,0,0
0.004961,0,1
0.004962,1,0
0.004963,1,1
0.004965,1,0
0.004966,1,1
0.004967,1,0
0.004969,1,1
0.00497,0,0
0.004971,0,1
0.004973,1,0
0.004974,1,1
0.004975,1,0
0.004976,0,0
0.004977,0,1
0.004979,1,1
0.004988,0,1
0.004989,0,0
0.00499,1,0
0.004991,1,1
0.004993,1,0
0.004994,1,1
0.004995,1,0
0.004996,0,0
0.004997,0,1
0.004998,0,0
0.004999,1,1
0.005001,0,0
0.005002,0,1
0.005004,0,0
0.005005,0,1
0.005006,0,0
0.005008,0,1
0.005009,0,0
0.00501,0,1
0.005012,1,0
0.005013,1,1
0.005014,1,0
0.005015,0,0
0.005016,0,1
0.005017,1,1
0.005027,0,1
0.005028,0,0
0.005029,1,0
0.00503,1,1
0.005032,1,0
0.005033,1,1
0.005034,1,0
0.005035,0,0
0.005036,0,1
0.005037,1,0
0.005038,1,1
0.00504,0,0
0.005041,0,1
0.005042,0,0
0.005044,0,1
0.005045,1,0
0.005046,1,1
0.005048,0,0
0.005049,0,1
0.00505,0,0
0.005051,1,0
0.005052,1,1
0.005053,1,0
0.005054,0,0
0.005055,0,1
0.005056,1,1
0.005066,0,1
0.005067,0,0
0.005068,1,0
0.005069,1,1
0.00507,1,0
0.005072,1,1
0.005073,0,0
0.005074,0,1
0.005076,1,0
0.005077,1,1
0.005079,0,0
0.00508,0,1
0.005081,0,0
0.005082,1,0
0.005083,1,1
0.005084,0,0
0.005085,0,1
0.005087,0,0
0.005088,0,1
0.005089,0,0
0.00509,1,0
0.005091,1,1
0.005092,0,0
0.005094,0,1
0.005095,1,1
0.005104,0,1
0.005106,0,0
0.005107,1,0
0.005108,1,1
0.005109,1,0
0.005111,1,1
0.005112,0,0
0.005113,0,1
0.005115,1,0
0.005116,1,1
0.005118,0,0
0.005119,0,1
0.00512,0,0
0.005121,1,0
0.005122,1,1
0.005123,1,0
0.005124,1,1
0.005126,0,0
0.005127,0,1
0.005128,0,0
0.005129,1,0
0.00513,1,1
0.005131,1,0
0.005132,0,0
0.005133,0,1
0.005134,1,1
0.005144,0,1
0.005145,0,0
0.005146,1,0
0.005147,1,1
0.005148,1,0
0.00515,1,1
0.005151,0,0
0.005153,0,1
0.005154,1,0
0.005155,1,1
0.005157,1,0
0.005158,1,1
0.005159,1,0
0.00516,0,0
0.005161,0,1
0.005162,0,0
0.005163,0,1
0.005165,0,0
0.005166,0,1
0.005167,0,0
0.005168,1,0
0.005169,1,1
0.00517,1,0
0.005171,0,0
0.005172,0,1
0.005173,1,1
0.005182,0,1
0.005184,0,0
0.005185,1,0
0.005186,1,1
0.005187,1,0
0.005189,1,1
0.00519,0,0
0.005191,0,1
0.005193,1,0
0.005194,1,1
0.005195,1,0
0.005197,1,1
0.005198,0,0
0.005199,0,1
0.005201,1,0
0.005202,1,1
0.005203,1,0
0.005204,0,0
0.005205,0,1
0.005206,0,0
0.005207,1,0
0.005208,1,1
0.005209,0,0
0.005211,0,1
0.005212,1,1
0.005221,0,1
0.005222,0,0
0.005223,1,0
0.005225,1,1
0.005226,1,0
0.005228,1,1
0.005229,0,0
0.00523,0,1
0.005232,1,0
0.005233,1,1
0.005234,1,0
0.005236,1,1
0.005237,1,0
0.005238,1,1
0.00524,0,0
0.005241,0,1
0.005242,0,0
0.005244,0,1
0.005245,1,0
0.005246,1,1
0.005248,0,0
0.005249,0,1
0.005251,1,1
0.00526,0,1
0.005261,0,0
0.005262,1,0
0.005264,1,1
0.005265,1,0
0.005266,1,1
0.005268,0,0
0.005269,0,1
0.00527,0,0
0.005271,1,0
0.005272,1,1
0.005273,1,0
0.005274,1,1
0.005276,1,0
0.005277,1,1
0.005279,1,0
0.00528,1,1
0.005281,0,0
0.005283,0,1
0.005284,1,0
0.005285,1,1
0.005287,0,0
0.005288,0,1
0.00529,1,1
0.005299,0,1
0.0053,0,0
0.005301,1,0
0.005303,1,1
0.005304,1,0
0.005305,1,1
0.005307,1,0
0.005308,1,1
0.005309,1,0
0.00531,0,0
0.005311,0,1
0.005312,0,0
0.005313,0,1
0.005315,0,0
0.005316,0,1
0.005317,0,0
0.005319,0,1
0.00532,0,0
0.005321,0,1
0.005323,1,0
0.005324,1,1
0.005325,1,0
0.005326,0,0
0.005327,0,1
0.005329,1,1
0.005338,0,1
0.005339,0,0
0.00534,1,0
0.005341,1,1
0.005343,1,0
0.005344,1,1
0.005346,1,0
0.005347,1,1
0.005348,1,0
0.005349,0,0
0.00535,0,1
0.005351,0,0
0.005352,0,1
0.005354,0,0
0.005355,0,1
0.005356,0,0
0.005357,1,0
0.005358,1,1
0.005359,0,0
0.00536,0,1
0.005362,1,0
0.005363,1,1
0.005364,1,0
0.005365,0,0
0.005366,0,1
0.005368,1,1
0.005377,0,1
0.005378,0,0
0.005379,1,0
0.005381,1,1
0.005382,1,0
0.005383,1,1
0.005385,1,0
0.005386,1,1
0.005387,1,0
0.005388,0,0
0.005389,0,1
0.00539,0,0
0.005391,0,1
0.005393,1,0
0.005394,1,1
0.005395,1,0
0.005396,0,0
0.005397,0,1
0.005398,0,0
0.005399,0,1
0.005401,1,0
0.005402,1,1
0.005403,1,0
0.005404,0,0
0.005405,0,1
0.005407,1,1
0.005416,0,1
0.005417,0,0
0.005418,1,0
0.005419,1,1
0.005421,1,0
0.005422,1,1
0.005423,1,0
0.005425,1,1
0.005426,0,0
0.005427,0,1
0.005429,0,0
0.00543,0,1
0.005432,1,0
0.005433,1,1
0.005434,1,0
0.005436,1,1
0.005437,0,0
0.005438,0,1
0.00544,1,0
0.005441,1,1
0.005442,1,0
0.005443,0,0
0.005444,0,1
0.005445,1,1
0.005455,0,1
0.005456,0,0
0.005457,1,0
0.005458,1,1
0.00546,1,0
0.005461,1,1
0.005462,1,0
0.005464,1,1
0.005465,0,0
0.005466,0,1
0.005468,1,0
0.005469,1,1
0.00547,1,0
0.005471,0,0
0.005472,0,1
0.005473,0,0
0.005474,0,1
0.005476,0,0
0.005477,0,1
0.005478,0,0
0.005479,1,0
0.00548,1,1
0.005481,1,0
0.005482,0,0
0.005483,0,1
0.005484,1,1
0.005494,0,1
0.005495,0,0
0.005496,1,0
0.005497,1,1
0.005498,1,0
0.0055,1,1
0.005501,1,0
0.005503,1,1
0.005504,0,0
0.005505,0,1
0.005507,1,0
0.005508,1,1
0.005509,1,0
0.00551,0,0
0.005511,0,1
0.005512,1,0
0.005513,1,1
0.005515,0,0
0.005516,0,1
0.005517,0,0
0.005518,1,0
0.005519,1,1
0.00552,1,0
0.005521,0,0
0.005522,0,1
0.005523,1,1
0.005532,0,1
0.005534,0,0
0.005535,1,0
0.005536,1,1
0.005537,1,0
0.005539,1,1
0.00554,1,0
0.005541,1,1
0.005543,0,0
0.005544,0,1
0.005545,0,0
0.005546,1,0
0.005547,1,1
0.005548,1,0
0.005549,1,1
0.005551,0,0
0.005552,0,1
0.005553,0,0
0.005555,0,1
0.005556,0,0
0.005557,1,0
0.005558,1,1
0.005559,0,0
0.005561,0,1
0.005562,1,1
0.005571,0,1
0.005572,0,0
0.005573,1,0
0.005575,1,1
0.005576,1,0
0.005578,1,1
0.005579,1,0
0.00558,1,1
0.005582,0,0
0.005583,0,1
0.005584,0,0
0.005585,1,0
0.005586,1,1
0.005587,1,0
0.005588,1,1
0.00559,1,0
0.005591,1,1
0.005592,1,0
0.005593,0,0
0.005594,0,1
0.005595,1,0
0.005596,1,1
0.005598,0,0
0.005599,0,1
0.005601,1,1
0.00561,0,1
0.005611,0,0
0.005612,1,0
0.005614,1,1
0.005615,1,0
0.005616,1,1
0.005618,1,0
0.005619,1,1
0.00562,1,0
0.005622,1,1
0.005623,0,0
0.005624,0,1
0.005626,0,0
0.005627,0,1
0.005628,0,0
0.00563,0,1
0.005631,0,0
0.005633,0,1
0.005634,1,0
0.005635,1,1
0.005637,0,0
0.005638,0,1
0.00564,1,1
0.005649,0,1
0.00565,0,0
0.005651,1,0
0.005653,1,1
0.005654,1,0
0.005655,1,1
0.005657,1,0
0.005658,1,1
0.005659,1,0
0.005661,1,1
0.005662,0,0
0.005663,0,1
0.005665,0,0
0.005666,0,1
0.005667,0,0
0.005668,1,0
0.005669,1,1
0.00567,0,0
0.005671,0,1
0.005673,1,0
0.005674,1,1
0.005675,1,0
0.005676,0,0
0.005677,0,1
0.005679,1,1
0.005688,0,1
0.005689,0,0
0.00569,1,0
0.005691,1,1
0.005693,1,0
0.005694,1,1
0.005695,1,0
0.005697,1,1
0.005698,1,0
0.005699,1,1
0.005701,0,0
0.005702,0,1
0.005704,1,0
0.005705,1,1
0.005706,1,0
0.005707,0,0
0.005708,0,1
0.005709,0,0
0.00571,0,1
0.005712,1,0
0.005713,1,1
0.005714,1,0
0.005715,0,0
0.005716,0,1
0.005717,1,1
0.005727,0,1
0.005728,0,0
0.005729,1,0
0.00573,1,1
0.005732,1,0
0.005733,1,1
0.005734,1,0
0.005736,1,1
0.005737,1,0
0.005738,1,1
0.00574,0,0
0.005741,0,1
0.005742,0,0
0.005743,1,0
0.005744,1,1
0.005745,1,0
0.005746,1,1
0.005748,0,0
0.005749,0,1
0.00575,0,0
0.005751,1,0
0.005752,1,1
0.005753,1,0
0.005754,0,0
0.005755,0,1
0.005756,1,1
0.005766,0,1
0.005767,0,0
0.005768,1,0
0.005769,1,1
0.00577,1,0
0.005772,1,1
0.005773,1,0
0.005774,1,1
0.005776,1,0
0.005777,1,1
0.005779,1,0
0.00578,1,1
0.005781,1,0
0.005782,0,0
0.005783,0,1
0.005784,0,0
0.005785,0,1
0.005787,0,0
0.005788,0,1
0.005789,0,0
0.00579,1,0
0.005791,1,1
0.005792,0,0
0.005794,0,1
0.005795,1,1
0.005804,0,1
0.005806,0,0
0.005807,1,0
0.005808,1,1
0.005809,1,0
0.005811,1,1
0.005812,1,0
0.005813,1,1
0.005815,1,0
0.005816,1,1
0.005817,1,0
0.005819,1,1
0.00582,0,0
0.005821,0,1
0.005823,1,0
0.005824,1,1
0.005825,1,0
0.005826,0,0
0.005827,0,1
0.005828,0,0
0.005829,1,0
0.00583,1,1
0.005831,0,0
0.005833,0,1
0.005834,1,1
0.005843,0,1
0.005844,0,0
0.005845,1,0
0.005847,1,1
0.005848,1,0
0.00585,1,1
0.005851,1,0
0.005852,1,1
0.005854,1,0
0.005855,1,1
0.005856,1,0
0.005858,1,1
0.005859,1,0
0.00586,1,1
0.005862,0,0
0.005863,0,1
0.005864,0,0
0.005866,0,1
0.005867,1,0
0.005868,1,1
0.00587,0,0
0.005871,0,1
0.005873,1,1
0.007636,0,1
0.007637,0,0
0.007639,0,1
0.007641,0,0
0.007642,0,1
0.007643,0,0
0.007644,1,0
0.007645,1,1
0.007646,0,0
0.007647,0,1
0.007649,0,0
0.00765,0,1
0.007651,0,0
0.007653,0,1
0.007654,0,0
0.007655,0,1
0.007657,0,0
0.007658,0,1
0.007659,0,0
0.00766,1,0
0.007661,1,1
0.007662,1,0
0.007663,0,0
0.007664,0,1
0.007665,1,1
0.013599,0,1
0.0136,0,0
0.013603,0,1
0.013604,0,0
0.013605,0,1
0.013607,1,0
0.013608,1,1
0.013609,1,0
0.01361,0,0
0.013611,0,1
0.013612,0,0
0.013613,0,1
0.013615,0,0
0.013616,0,1
0.013617,0,0
0.013619,0,1
0.01362,0,0
0.013621,0,1
0.013623,1,0
0.013624,1,1
0.013625,1,0
0.013626,0,0
0.013627,0,1
0.013629,1,1
